<?xml version="1.0" encoding="UTF-8"?>
<!DOCTYPE log4j:configuration PUBLIC "-//APACHE//DTD LOG4J 1.2//EN" "log4j.dtd">
<log4j:configuration xmlns:log4j="http://jakarta.apache.org/log4j/">

	<!-- Appenders -->
	<appender name="console" class="org.apache.log4j.ConsoleAppender">
		<param name="Target" value="System.out" />
		<layout class="org.apache.log4j.PatternLayout">
			<param name="ConversionPattern" value="%-5p: %c - %m%n" />
		</layout>
	</appender>
	
	<appender name="file" class="org.apache.log4j.DailyRollingFileAppender">
	   <param name="append" value="true" />
	   <!-- <param name="maxFileSize" value="2MB" /> -->
	   <param name="ImmediateFlush" value="true"/>
	   <param name="DatePattern" value="yyyy-MM-dd"/>
	   <!-- For Tomcat -->
	   <param name="file" value="${catalina.home}/logs/amhi-ilui.log" />
	   <layout class="org.apache.log4j.PatternLayout">
		<param name="ConversionPattern" 
			value="%d{yyyy-MM-dd HH:mm:ss} %-5p %c{1}:%L - %m%n" />
	   </layout>
	</appender>
	
	
	<!--  Filter Start -->
	<appender name="Filters" class="org.apache.log4j.DailyRollingFileAppender">
		<param name="append" value="true"/>
		<!-- <param name="maxFileSize" value="2MB"/> -->
		<param name="File" value="${catalina.home}/logs/timestamp.log"/>
		<param name="DatePattern" value="yyyy-MM-dd"/>
		<layout class="org.apache.log4j.PatternLayout">
			<param name="ConversionPattern" value="%d{yyyy-MM-dd HH:mm:ss} %-5p %c{1}:%L - %m%n" />
		</layout>		
	</appender>
	
	<logger name="com.mastek.ems.filter">
		<level value="debug" />
		<appender-ref ref="Filters"/>
	</logger>
	<!--  Filter End -->
	
	<!-- Loggers for Web Service : Add by Amol on 9 December-->
	<logger name="com.apollomunichinsurance">
		<level value="all" />
		<appender-ref ref="file"/>
	</logger>
	
	<!-- Application Loggers -->
	<logger name="com.mastek">
		<level value="info" />
		<appender-ref ref="file"/>
	</logger>
	
	<!-- Application Loggers -->
	<logger name="org.tempuri">
		<level value="info" />
		<appender-ref ref="file"/>
	</logger>
	
	<!-- 3rdparty Loggers -->
	<logger name="org.springframework.core">
		<level value="info" />
	</logger>
	
	<logger name="org.springframework.beans">
		<level value="info" />
	</logger>
	
	<logger name="org.springframework.context">
		<level value="info" />
	</logger>

	<logger name="org.springframework.web">
		<level value="info" />
	</logger>

	<!-- Root Logger -->
	<root>
		<priority value="warn" />
		<appender-ref ref="console" />
	</root>
	
</log4j:configuration>
